Param Name,Description,Param Type,Default Value,Enum Values
Video Source,,enum,1,"HDMI, SDI, Test Pattern"
Audio Source,,enum,1,"HDMI, SDI, Analog, None"
Audio Input Level,,enum,1,"0dB, +6dB, +12dB"
Audio Delay,,integer,0,
Closed Captioning Source,,enum,0,"None, Auto, Ancillary data, Line 21"
A/V Mute,,enum,0,"Off, On"
Media State,,enum,0,"Record-Stream, Data-LAN"
Media State Debounced,,enum,0,"Record-Stream, Data - LAN"
Stream URL,,string,,
Streaming Duration,,string,00:00:00:00,
Streaming Format,,string,,
Recording Duration,,string,00:00:00:00,
Recording Format,,string,,
Recording Filename,,string,,
File Duration,,string,00:00:00:00,
Encode Type,,enum,18,H.264
Playlist,,string,,
Dropped Frames Record Behavior,,enum,0,"Continue, Stop"
Dropped Frames Stream Behavior,,enum,0,"Continue, Stop"
Loss of Video Behavior,,enum,2,"Stop, Record Test Pattern"
SDI 2K Input Processing,,enum,0,"Center cut, Downscale"
Front Panel Button Lock,,enum,0,"Off, On"
Auto-recover Streaming,,enum,1,"Off, On"
Power Up State,,enum,0,"Idle, Record, Stream, Record and Stream"
RTP/UDP Traffic Shaping,,enum,0,"Disable, Enable"
Pcap Stream Diagnostic,,enum,0,"Off, On"
Video Test Pattern Format,,enum,6,"525i 29.97, 625i 25, 720p 50, 720p 59.94, 720p 60, 1080i 25, 1080i 29.97, 1080i 30, 1080p 23.98, 1080p 24, 1080p 25, 1080p 29.97, 1080p 30, 1080p 50, 1080p 59.94, 1080p 60"
Video Test Pattern Type,,enum,3,"100% Bars, Black, Custom"
System Name,,string,aja-helo-1HE010186,
User Authentication,,enum,0,"Disabled, Login"
Time Source,,enum,0,"Manual, Automatic"
NTP Server,,string,ntp.aja.com,
Date Set,,string,,
Time Set,,string,,
Time Zone,,enum,0,"Grass Valley, Los Angeles, Denver, Mexico City, Dallas, Chicago, Detroit, Washington, D.C., New York, Montreal, Boston, Caracas, Buenos Aires, Rio De Janeiro, Azores, Lisbon, London (GMT), Madrid, Paris, Amsterdam, Rome, Berlin, Vienna, Athens, Helsinki, Cairo, Tel Aviv, Beirut, Kuwait, Jeddah, Moscow, Tehran, Abu Dhabi, Kabul, New Delhi, Colombo, Dhaka, Bangkok, Hanoi, Singapore, Jakarta, Hong Kong, Beijing, Manila, Taipei, Seoul, Tokyo, Guam, Sydney, Auckland, Honolulu, Anchorage, Seattle"
Daylight Savings,,enum,0,"On, Off"
Scheduler,,enum,0,"Disabled, Enabled"
Scheduler Activity,,enum,3,"Record, Stream, Record and Stream"
Schedule Source,,enum,1,"Local, Remote"
Remote Calendar URL,,string,,
Last Sync,,string,Never,
Import/Export Local Calendar File,,data,Ch4vbW50L2NvbmZpZy9sb2NhbF9zY2hlZHVsZS5pY3MSHGFqYS1oZWxvLTFIRTAxMDE4Ni1sb2NhbC5pY3M=,
Force sync with remote calendar,,integer,1,
"Updated ICS file is available, perform refresh.",,integer,1,
"Updated journal results file is available, perform refresh.",,integer,1,
Remove scheduled event history,,integer,1,
Current Event,,string,,
Next Event,,string,,
Remove local calendar,,integer,1,
Serial Number,,string,1HE010186,
Safeboot Alarm,,enum,0,"NORMAL BOOT, SAFEBOOT MODE"
Flash Versions,,string,Bootloader Version: 2.0.1.7-18040Md<br/>Safeboot Image Version: 3.1.0.2-3r<br/>Image Version in Flash: 4.3.0.8-12r<br/>Currently Running Image Version: 4.3.0.8-12r<br/>Bitfile Version: 2018-05-22 08:40:26 AM<br/>,
Recording Profile,,enum,0,", , , , , , , , , "
Recording Profile Name,,string,Recording Profile Name,
Recording Profile Name,,string,Recording Profile Name 1,
Recording Profile Name,,string,Recording Profile Name 2,
Recording Profile Name,,string,Recording Profile Name 3,
Recording Profile Name,,string,Recording Profile Name 4,
Recording Profile Name,,string,Recording Profile Name 5,
Recording Profile Name,,string,Recording Profile Name 6,
Recording Profile Name,,string,Recording Profile Name 7,
Recording Profile Name,,string,Recording Profile Name 8,
Recording Profile Name,,string,Recording Profile Name 9,
Recording Profile Name,,string,Recording Profile Name 10,
Frame Rate,,enum,0,"Full, Half, Quarter"
Frame Rate,,enum,0,"Full, Half, Quarter"
Frame Rate,,enum,0,"Full, Half, Quarter"
Frame Rate,,enum,0,"Full, Half, Quarter"
Frame Rate,,enum,0,"Full, Half, Quarter"
Frame Rate,,enum,0,"Full, Half, Quarter"
Frame Rate,,enum,0,"Full, Half, Quarter"
Frame Rate,,enum,0,"Full, Half, Quarter"
Frame Rate,,enum,0,"Full, Half, Quarter"
Frame Rate,,enum,0,"Full, Half, Quarter"
Frame Rate,,enum,0,"Full, Half, Quarter"
Video Geometry,,enum,0,"Use Selected Input, Manual"
Video Geometry,,enum,0,"Use Selected Input, Manual"
Video Geometry,,enum,0,"Use Selected Input, Manual"
Video Geometry,,enum,0,"Use Selected Input, Manual"
Video Geometry,,enum,0,"Use Selected Input, Manual"
Video Geometry,,enum,0,"Use Selected Input, Manual"
Video Geometry,,enum,0,"Use Selected Input, Manual"
Video Geometry,,enum,0,"Use Selected Input, Manual"
Video Geometry,,enum,0,"Use Selected Input, Manual"
Video Geometry,,enum,0,"Use Selected Input, Manual"
Video Geometry,,enum,0,"Use Selected Input, Manual"
Lock Aspect Ratio,,enum,0,"Off, On"
Lock Aspect Ratio,,enum,0,"Off, On"
Lock Aspect Ratio,,enum,0,"Off, On"
Lock Aspect Ratio,,enum,0,"Off, On"
Lock Aspect Ratio,,enum,0,"Off, On"
Lock Aspect Ratio,,enum,0,"Off, On"
Lock Aspect Ratio,,enum,0,"Off, On"
Lock Aspect Ratio,,enum,0,"Off, On"
Lock Aspect Ratio,,enum,0,"Off, On"
Lock Aspect Ratio,,enum,0,"Off, On"
Lock Aspect Ratio,,enum,0,"Off, On"
Width,,integer,1280,
Width,,integer,1280,
Width,,integer,1280,
Width,,integer,1280,
Width,,integer,1280,
Width,,integer,1280,
Width,,integer,1280,
Width,,integer,1280,
Width,,integer,1280,
Width,,integer,1280,
Width,,integer,1280,
Height,,integer,720,
Height,,integer,720,
Height,,integer,720,
Height,,integer,720,
Height,,integer,720,
Height,,integer,720,
Height,,integer,720,
Height,,integer,720,
Height,,integer,720,
Height,,integer,720,
Height,,integer,720,
Video Bit Rate,,integer,20000,
Video Bit Rate,,integer,20000,
Video Bit Rate,,integer,20000,
Video Bit Rate,,integer,20000,
Video Bit Rate,,integer,20000,
Video Bit Rate,,integer,20000,
Video Bit Rate,,integer,20000,
Video Bit Rate,,integer,20000,
Video Bit Rate,,integer,20000,
Video Bit Rate,,integer,20000,
Video Bit Rate,,integer,20000,
Audio Bit Rate,,enum,3,"32 kbps, 64 kbps, 96 kbps, 128 kbps, 192 kbps, 256 kbps"
Audio Bit Rate,,enum,3,"32 kbps, 64 kbps, 96 kbps, 128 kbps, 192 kbps, 256 kbps"
Audio Bit Rate,,enum,3,"32 kbps, 64 kbps, 96 kbps, 128 kbps, 192 kbps, 256 kbps"
Audio Bit Rate,,enum,3,"32 kbps, 64 kbps, 96 kbps, 128 kbps, 192 kbps, 256 kbps"
Audio Bit Rate,,enum,3,"32 kbps, 64 kbps, 96 kbps, 128 kbps, 192 kbps, 256 kbps"
Audio Bit Rate,,enum,3,"32 kbps, 64 kbps, 96 kbps, 128 kbps, 192 kbps, 256 kbps"
Audio Bit Rate,,enum,3,"32 kbps, 64 kbps, 96 kbps, 128 kbps, 192 kbps, 256 kbps"
Audio Bit Rate,,enum,3,"32 kbps, 64 kbps, 96 kbps, 128 kbps, 192 kbps, 256 kbps"
Audio Bit Rate,,enum,3,"32 kbps, 64 kbps, 96 kbps, 128 kbps, 192 kbps, 256 kbps"
Audio Bit Rate,,enum,3,"32 kbps, 64 kbps, 96 kbps, 128 kbps, 192 kbps, 256 kbps"
Audio Bit Rate,,enum,3,"32 kbps, 64 kbps, 96 kbps, 128 kbps, 192 kbps, 256 kbps"
Advanced Settings,,enum,0,"Hide, Show"
Advanced Settings,,enum,0,"Hide, Show"
Advanced Settings,,enum,0,"Hide, Show"
Advanced Settings,,enum,0,"Hide, Show"
Advanced Settings,,enum,0,"Hide, Show"
Advanced Settings,,enum,0,"Hide, Show"
Advanced Settings,,enum,0,"Hide, Show"
Advanced Settings,,enum,0,"Hide, Show"
Advanced Settings,,enum,0,"Hide, Show"
Advanced Settings,,enum,0,"Hide, Show"
Advanced Settings,,enum,0,"Hide, Show"
I-Frame [GOP] Every,,integer,120,
I-Frame [GOP] Every,,integer,120,
I-Frame [GOP] Every,,integer,120,
I-Frame [GOP] Every,,integer,120,
I-Frame [GOP] Every,,integer,120,
I-Frame [GOP] Every,,integer,120,
I-Frame [GOP] Every,,integer,120,
I-Frame [GOP] Every,,integer,120,
I-Frame [GOP] Every,,integer,120,
I-Frame [GOP] Every,,integer,120,
I-Frame [GOP] Every,,integer,120,
P Interval,,integer,1,
P Interval,,integer,1,
P Interval,,integer,1,
P Interval,,integer,1,
P Interval,,integer,1,
P Interval,,integer,1,
P Interval,,integer,1,
P Interval,,integer,1,
P Interval,,integer,1,
P Interval,,integer,1,
P Interval,,integer,1,
H.264 Encoding Profile,,enum,2,"Constrained, Baseline, Main, High"
H.264 Encoding Profile,,enum,2,"Constrained, Baseline, Main, High"
H.264 Encoding Profile,,enum,2,"Constrained, Baseline, Main, High"
H.264 Encoding Profile,,enum,2,"Constrained, Baseline, Main, High"
H.264 Encoding Profile,,enum,2,"Constrained, Baseline, Main, High"
H.264 Encoding Profile,,enum,2,"Constrained, Baseline, Main, High"
H.264 Encoding Profile,,enum,2,"Constrained, Baseline, Main, High"
H.264 Encoding Profile,,enum,2,"Constrained, Baseline, Main, High"
H.264 Encoding Profile,,enum,2,"Constrained, Baseline, Main, High"
H.264 Encoding Profile,,enum,2,"Constrained, Baseline, Main, High"
H.264 Encoding Profile,,enum,2,"Constrained, Baseline, Main, High"
Slices Per Frame,,enum,1,"1, 2, 4, 8"
Slices Per Frame,,enum,1,"1, 2, 4, 8"
Slices Per Frame,,enum,1,"1, 2, 4, 8"
Slices Per Frame,,enum,1,"1, 2, 4, 8"
Slices Per Frame,,enum,1,"1, 2, 4, 8"
Slices Per Frame,,enum,1,"1, 2, 4, 8"
Slices Per Frame,,enum,1,"1, 2, 4, 8"
Slices Per Frame,,enum,1,"1, 2, 4, 8"
Slices Per Frame,,enum,1,"1, 2, 4, 8"
Slices Per Frame,,enum,1,"1, 2, 4, 8"
Slices Per Frame,,enum,1,"1, 2, 4, 8"
Entropy Coding,,enum,0,"CABAC, CAVLC"
Entropy Coding,,enum,0,"CABAC, CAVLC"
Entropy Coding,,enum,0,"CABAC, CAVLC"
Entropy Coding,,enum,0,"CABAC, CAVLC"
Entropy Coding,,enum,0,"CABAC, CAVLC"
Entropy Coding,,enum,0,"CABAC, CAVLC"
Entropy Coding,,enum,0,"CABAC, CAVLC"
Entropy Coding,,enum,0,"CABAC, CAVLC"
Entropy Coding,,enum,0,"CABAC, CAVLC"
Entropy Coding,,enum,0,"CABAC, CAVLC"
Entropy Coding,,enum,0,"CABAC, CAVLC"
Display Aspect Ratio,,enum,0,"Auto, 4:3, 16:9, 17:9"
Display Aspect Ratio,,enum,0,"Auto, 4:3, 16:9, 17:9"
Display Aspect Ratio,,enum,0,"Auto, 4:3, 16:9, 17:9"
Display Aspect Ratio,,enum,0,"Auto, 4:3, 16:9, 17:9"
Display Aspect Ratio,,enum,0,"Auto, 4:3, 16:9, 17:9"
Display Aspect Ratio,,enum,0,"Auto, 4:3, 16:9, 17:9"
Display Aspect Ratio,,enum,0,"Auto, 4:3, 16:9, 17:9"
Display Aspect Ratio,,enum,0,"Auto, 4:3, 16:9, 17:9"
Display Aspect Ratio,,enum,0,"Auto, 4:3, 16:9, 17:9"
Display Aspect Ratio,,enum,0,"Auto, 4:3, 16:9, 17:9"
Display Aspect Ratio,,enum,0,"Auto, 4:3, 16:9, 17:9"
Recording Media Type,,enum,0,"SD, USB, SMB Network Share, NFS Network Share"
Recording Media Type,,enum,0,"SD, USB, SMB Network Share, NFS Network Share"
Recording Media Type,,enum,0,"SD, USB, SMB Network Share, NFS Network Share"
Recording Media Type,,enum,0,"SD, USB, SMB Network Share, NFS Network Share"
Recording Media Type,,enum,0,"SD, USB, SMB Network Share, NFS Network Share"
Recording Media Type,,enum,0,"SD, USB, SMB Network Share, NFS Network Share"
Recording Media Type,,enum,0,"SD, USB, SMB Network Share, NFS Network Share"
Recording Media Type,,enum,0,"SD, USB, SMB Network Share, NFS Network Share"
Recording Media Type,,enum,0,"SD, USB, SMB Network Share, NFS Network Share"
Recording Media Type,,enum,0,"SD, USB, SMB Network Share, NFS Network Share"
Recording Media Type,,enum,0,"SD, USB, SMB Network Share, NFS Network Share"
SD Card Record Path,,string,,
SD Card Record Path,,string,,
SD Card Record Path,,string,,
SD Card Record Path,,string,,
SD Card Record Path,,string,,
SD Card Record Path,,string,,
SD Card Record Path,,string,,
SD Card Record Path,,string,,
SD Card Record Path,,string,,
SD Card Record Path,,string,,
SD Card Record Path,,string,,
USB Record Path,,string,,
USB Record Path,,string,,
USB Record Path,,string,,
USB Record Path,,string,,
USB Record Path,,string,,
USB Record Path,,string,,
USB Record Path,,string,,
USB Record Path,,string,,
USB Record Path,,string,,
USB Record Path,,string,,
USB Record Path,,string,,
SMB Server Address,,string,,
SMB Server Address,,string,,
SMB Server Address,,string,,
SMB Server Address,,string,,
SMB Server Address,,string,,
SMB Server Address,,string,,
SMB Server Address,,string,,
SMB Server Address,,string,,
SMB Server Address,,string,,
SMB Server Address,,string,,
SMB Server Address,,string,,
SMB Network Record Path,,string,,
SMB Network Record Path,,string,,
SMB Network Record Path,,string,,
SMB Network Record Path,,string,,
SMB Network Record Path,,string,,
SMB Network Record Path,,string,,
SMB Network Record Path,,string,,
SMB Network Record Path,,string,,
SMB Network Record Path,,string,,
SMB Network Record Path,,string,,
SMB Network Record Path,,string,,
SMB Dialect,,enum,2,"Auto, SMB 3.0, SMB 2.1, SMB 2.0, SMB 1.0"
SMB Dialect,,enum,2,"Auto, SMB 3.0, SMB 2.1, SMB 2.0, SMB 1.0"
SMB Dialect,,enum,2,"Auto, SMB 3.0, SMB 2.1, SMB 2.0, SMB 1.0"
SMB Dialect,,enum,2,"Auto, SMB 3.0, SMB 2.1, SMB 2.0, SMB 1.0"
SMB Dialect,,enum,2,"Auto, SMB 3.0, SMB 2.1, SMB 2.0, SMB 1.0"
SMB Dialect,,enum,2,"Auto, SMB 3.0, SMB 2.1, SMB 2.0, SMB 1.0"
SMB Dialect,,enum,2,"Auto, SMB 3.0, SMB 2.1, SMB 2.0, SMB 1.0"
SMB Dialect,,enum,2,"Auto, SMB 3.0, SMB 2.1, SMB 2.0, SMB 1.0"
SMB Dialect,,enum,2,"Auto, SMB 3.0, SMB 2.1, SMB 2.0, SMB 1.0"
SMB Dialect,,enum,2,"Auto, SMB 3.0, SMB 2.1, SMB 2.0, SMB 1.0"
SMB Dialect,,enum,2,"Auto, SMB 3.0, SMB 2.1, SMB 2.0, SMB 1.0"
Domain,,string,,
Domain,,string,,
Domain,,string,,
Domain,,string,,
Domain,,string,,
Domain,,string,,
Domain,,string,,
Domain,,string,,
Domain,,string,,
Domain,,string,,
Domain,,string,,
Domain Username,,string,,
Domain Username,,string,,
Domain Username,,string,,
Domain Username,,string,,
Domain Username,,string,,
Domain Username,,string,,
Domain Username,,string,,
Domain Username,,string,,
Domain Username,,string,,
Domain Username,,string,,
Domain Username,,string,,
Domain Password,,string,,
Domain Password,,string,,
Domain Password,,string,,
Domain Password,,string,,
Domain Password,,string,,
Domain Password,,string,,
Domain Password,,string,,
Domain Password,,string,,
Domain Password,,string,,
Domain Password,,string,,
Domain Password,,string,,
NFS Server Address,,string,,
NFS Server Address,,string,,
NFS Server Address,,string,,
NFS Server Address,,string,,
NFS Server Address,,string,,
NFS Server Address,,string,,
NFS Server Address,,string,,
NFS Server Address,,string,,
NFS Server Address,,string,,
NFS Server Address,,string,,
NFS Server Address,,string,,
NFS Network Record Path,,string,,
NFS Network Record Path,,string,,
NFS Network Record Path,,string,,
NFS Network Record Path,,string,,
NFS Network Record Path,,string,,
NFS Network Record Path,,string,,
NFS Network Record Path,,string,,
NFS Network Record Path,,string,,
NFS Network Record Path,,string,,
NFS Network Record Path,,string,,
NFS Network Record Path,,string,,
Secondary Recording Media Type,,enum,4,"None, SD, USB"
Secondary Recording Media Type,,enum,4,"None, SD, USB"
Secondary Recording Media Type,,enum,4,"None, SD, USB"
Secondary Recording Media Type,,enum,4,"None, SD, USB"
Secondary Recording Media Type,,enum,4,"None, SD, USB"
Secondary Recording Media Type,,enum,4,"None, SD, USB"
Secondary Recording Media Type,,enum,4,"None, SD, USB"
Secondary Recording Media Type,,enum,4,"None, SD, USB"
Secondary Recording Media Type,,enum,4,"None, SD, USB"
Secondary Recording Media Type,,enum,4,"None, SD, USB"
Secondary Recording Media Type,,enum,4,"None, SD, USB"
Secondary SD Card Record Path,,string,,
Secondary SD Card Record Path,,string,,
Secondary SD Card Record Path,,string,,
Secondary SD Card Record Path,,string,,
Secondary SD Card Record Path,,string,,
Secondary SD Card Record Path,,string,,
Secondary SD Card Record Path,,string,,
Secondary SD Card Record Path,,string,,
Secondary SD Card Record Path,,string,,
Secondary SD Card Record Path,,string,,
Secondary SD Card Record Path,,string,,
Secondary USB Record Path,,string,,
Secondary USB Record Path,,string,,
Secondary USB Record Path,,string,,
Secondary USB Record Path,,string,,
Secondary USB Record Path,,string,,
Secondary USB Record Path,,string,,
Secondary USB Record Path,,string,,
Secondary USB Record Path,,string,,
Secondary USB Record Path,,string,,
Secondary USB Record Path,,string,,
Secondary USB Record Path,,string,,
Dropped Frames Record Behavior,,enum,0,"Continue, Stop"
Dropped Frames Record Behavior,,enum,0,"Continue, Stop"
Dropped Frames Record Behavior,,enum,0,"Continue, Stop"
Dropped Frames Record Behavior,,enum,0,"Continue, Stop"
Dropped Frames Record Behavior,,enum,0,"Continue, Stop"
Dropped Frames Record Behavior,,enum,0,"Continue, Stop"
Dropped Frames Record Behavior,,enum,0,"Continue, Stop"
Dropped Frames Record Behavior,,enum,0,"Continue, Stop"
Dropped Frames Record Behavior,,enum,0,"Continue, Stop"
Dropped Frames Record Behavior,,enum,0,"Continue, Stop"
Dropped Frames Record Behavior,,enum,0,"Continue, Stop"
Filename Prefix,,string,clip,
Filename Prefix,,string,clip,
Filename Prefix,,string,clip,
Filename Prefix,,string,clip,
Filename Prefix,,string,clip,
Filename Prefix,,string,clip,
Filename Prefix,,string,clip,
Filename Prefix,,string,clip,
Filename Prefix,,string,clip,
Filename Prefix,,string,clip,
Filename Prefix,,string,clip,
Recording Duration Extent,,enum,0,"Unlimited, Fixed, Long Single Segment"
Recording Duration Extent,,enum,0,"Unlimited, Fixed, Long Single Segment"
Recording Duration Extent,,enum,0,"Unlimited, Fixed, Long Single Segment"
Recording Duration Extent,,enum,0,"Unlimited, Fixed, Long Single Segment"
Recording Duration Extent,,enum,0,"Unlimited, Fixed, Long Single Segment"
Recording Duration Extent,,enum,0,"Unlimited, Fixed, Long Single Segment"
Recording Duration Extent,,enum,0,"Unlimited, Fixed, Long Single Segment"
Recording Duration Extent,,enum,0,"Unlimited, Fixed, Long Single Segment"
Recording Duration Extent,,enum,0,"Unlimited, Fixed, Long Single Segment"
Recording Duration Extent,,enum,0,"Unlimited, Fixed, Long Single Segment"
Recording Duration Extent,,enum,0,"Unlimited, Fixed, Long Single Segment"
Recording Duration (hours),,integer,6,
Recording Duration (hours),,integer,6,
Recording Duration (hours),,integer,6,
Recording Duration (hours),,integer,6,
Recording Duration (hours),,integer,6,
Recording Duration (hours),,integer,6,
Recording Duration (hours),,integer,6,
Recording Duration (hours),,integer,6,
Recording Duration (hours),,integer,6,
Recording Duration (hours),,integer,6,
Recording Duration (hours),,integer,6,
Recording Duration (minutes),,integer,0,
Recording Duration (minutes),,integer,0,
Recording Duration (minutes),,integer,0,
Recording Duration (minutes),,integer,0,
Recording Duration (minutes),,integer,0,
Recording Duration (minutes),,integer,0,
Recording Duration (minutes),,integer,0,
Recording Duration (minutes),,integer,0,
Recording Duration (minutes),,integer,0,
Recording Duration (minutes),,integer,0,
Recording Duration (minutes),,integer,0,
Starting Segment Number,,integer,1,
Starting Segment Number,,integer,1,
Starting Segment Number,,integer,1,
Starting Segment Number,,integer,1,
Starting Segment Number,,integer,1,
Starting Segment Number,,integer,1,
Starting Segment Number,,integer,1,
Starting Segment Number,,integer,1,
Starting Segment Number,,integer,1,
Starting Segment Number,,integer,1,
Starting Segment Number,,integer,1,
File Segment Record Duration (minutes),,integer,60,
File Segment Record Duration (minutes),,integer,60,
File Segment Record Duration (minutes),,integer,60,
File Segment Record Duration (minutes),,integer,60,
File Segment Record Duration (minutes),,integer,60,
File Segment Record Duration (minutes),,integer,60,
File Segment Record Duration (minutes),,integer,60,
File Segment Record Duration (minutes),,integer,60,
File Segment Record Duration (minutes),,integer,60,
File Segment Record Duration (minutes),,integer,60,
File Segment Record Duration (minutes),,integer,60,
Recording File Type,,enum,1,"MOV, TS, MP4"
Recording File Type,,enum,1,"MOV, TS, MP4"
Recording File Type,,enum,1,"MOV, TS, MP4"
Recording File Type,,enum,1,"MOV, TS, MP4"
Recording File Type,,enum,1,"MOV, TS, MP4"
Recording File Type,,enum,1,"MOV, TS, MP4"
Recording File Type,,enum,1,"MOV, TS, MP4"
Recording File Type,,enum,1,"MOV, TS, MP4"
Recording File Type,,enum,1,"MOV, TS, MP4"
Recording File Type,,enum,1,"MOV, TS, MP4"
Recording File Type,,enum,1,"MOV, TS, MP4"
Streaming Profile,,enum,0,", , , , , , , , , "
Streaming Profile Name,,string,Streaming Profile Name,
Streaming Profile Name,,string,Streaming Profile Name 1,
Streaming Profile Name,,string,Streaming Profile Name 2,
Streaming Profile Name,,string,Streaming Profile Name 3,
Streaming Profile Name,,string,Streaming Profile Name 4,
Streaming Profile Name,,string,Streaming Profile Name 5,
Streaming Profile Name,,string,Streaming Profile Name 6,
Streaming Profile Name,,string,Streaming Profile Name 7,
Streaming Profile Name,,string,Streaming Profile Name 8,
Streaming Profile Name,,string,Streaming Profile Name 9,
Streaming Profile Name,,string,Streaming Profile Name 10,
Frame Rate,,enum,0,"Full, Half, Quarter"
Frame Rate,,enum,0,"Full, Half, Quarter"
Frame Rate,,enum,0,"Full, Half, Quarter"
Frame Rate,,enum,0,"Full, Half, Quarter"
Frame Rate,,enum,0,"Full, Half, Quarter"
Frame Rate,,enum,0,"Full, Half, Quarter"
Frame Rate,,enum,0,"Full, Half, Quarter"
Frame Rate,,enum,0,"Full, Half, Quarter"
Frame Rate,,enum,0,"Full, Half, Quarter"
Frame Rate,,enum,0,"Full, Half, Quarter"
Frame Rate,,enum,0,"Full, Half, Quarter"
Video Geometry,,enum,0,"Use Selected Input, Manual"
Video Geometry,,enum,0,"Use Selected Input, Manual"
Video Geometry,,enum,0,"Use Selected Input, Manual"
Video Geometry,,enum,0,"Use Selected Input, Manual"
Video Geometry,,enum,0,"Use Selected Input, Manual"
Video Geometry,,enum,0,"Use Selected Input, Manual"
Video Geometry,,enum,0,"Use Selected Input, Manual"
Video Geometry,,enum,0,"Use Selected Input, Manual"
Video Geometry,,enum,0,"Use Selected Input, Manual"
Video Geometry,,enum,0,"Use Selected Input, Manual"
Video Geometry,,enum,0,"Use Selected Input, Manual"
Lock Aspect Ratio,,enum,0,"Off, On"
Lock Aspect Ratio,,enum,0,"Off, On"
Lock Aspect Ratio,,enum,0,"Off, On"
Lock Aspect Ratio,,enum,0,"Off, On"
Lock Aspect Ratio,,enum,0,"Off, On"
Lock Aspect Ratio,,enum,0,"Off, On"
Lock Aspect Ratio,,enum,0,"Off, On"
Lock Aspect Ratio,,enum,0,"Off, On"
Lock Aspect Ratio,,enum,0,"Off, On"
Lock Aspect Ratio,,enum,0,"Off, On"
Lock Aspect Ratio,,enum,0,"Off, On"
Width,,integer,1280,
Width,,integer,1280,
Width,,integer,1280,
Width,,integer,1280,
Width,,integer,1280,
Width,,integer,1280,
Width,,integer,1280,
Width,,integer,1280,
Width,,integer,1280,
Width,,integer,1280,
Width,,integer,1280,
Height,,integer,720,
Height,,integer,720,
Height,,integer,720,
Height,,integer,720,
Height,,integer,720,
Height,,integer,720,
Height,,integer,720,
Height,,integer,720,
Height,,integer,720,
Height,,integer,720,
Height,,integer,720,
Video Bit Rate,,integer,20000,
Video Bit Rate,,integer,20000,
Video Bit Rate,,integer,20000,
Video Bit Rate,,integer,20000,
Video Bit Rate,,integer,20000,
Video Bit Rate,,integer,20000,
Video Bit Rate,,integer,20000,
Video Bit Rate,,integer,20000,
Video Bit Rate,,integer,20000,
Video Bit Rate,,integer,20000,
Video Bit Rate,,integer,20000,
Audio Bit Rate,,enum,3,"32 kbps, 64 kbps, 96 kbps, 128 kbps, 192 kbps, 256 kbps"
Audio Bit Rate,,enum,3,"32 kbps, 64 kbps, 96 kbps, 128 kbps, 192 kbps, 256 kbps"
Audio Bit Rate,,enum,3,"32 kbps, 64 kbps, 96 kbps, 128 kbps, 192 kbps, 256 kbps"
Audio Bit Rate,,enum,3,"32 kbps, 64 kbps, 96 kbps, 128 kbps, 192 kbps, 256 kbps"
Audio Bit Rate,,enum,3,"32 kbps, 64 kbps, 96 kbps, 128 kbps, 192 kbps, 256 kbps"
Audio Bit Rate,,enum,3,"32 kbps, 64 kbps, 96 kbps, 128 kbps, 192 kbps, 256 kbps"
Audio Bit Rate,,enum,3,"32 kbps, 64 kbps, 96 kbps, 128 kbps, 192 kbps, 256 kbps"
Audio Bit Rate,,enum,3,"32 kbps, 64 kbps, 96 kbps, 128 kbps, 192 kbps, 256 kbps"
Audio Bit Rate,,enum,3,"32 kbps, 64 kbps, 96 kbps, 128 kbps, 192 kbps, 256 kbps"
Audio Bit Rate,,enum,3,"32 kbps, 64 kbps, 96 kbps, 128 kbps, 192 kbps, 256 kbps"
Audio Bit Rate,,enum,3,"32 kbps, 64 kbps, 96 kbps, 128 kbps, 192 kbps, 256 kbps"
Advanced Settings,,enum,0,"Hide, Show"
Advanced Settings,,enum,0,"Hide, Show"
Advanced Settings,,enum,0,"Hide, Show"
Advanced Settings,,enum,0,"Hide, Show"
Advanced Settings,,enum,0,"Hide, Show"
Advanced Settings,,enum,0,"Hide, Show"
Advanced Settings,,enum,0,"Hide, Show"
Advanced Settings,,enum,0,"Hide, Show"
Advanced Settings,,enum,0,"Hide, Show"
Advanced Settings,,enum,0,"Hide, Show"
Advanced Settings,,enum,0,"Hide, Show"
I-Frame [GOP] Every,,integer,120,
I-Frame [GOP] Every,,integer,120,
I-Frame [GOP] Every,,integer,120,
I-Frame [GOP] Every,,integer,120,
I-Frame [GOP] Every,,integer,120,
I-Frame [GOP] Every,,integer,120,
I-Frame [GOP] Every,,integer,120,
I-Frame [GOP] Every,,integer,120,
I-Frame [GOP] Every,,integer,120,
I-Frame [GOP] Every,,integer,120,
I-Frame [GOP] Every,,integer,120,
P Interval,,integer,1,
P Interval,,integer,1,
P Interval,,integer,1,
P Interval,,integer,1,
P Interval,,integer,1,
P Interval,,integer,1,
P Interval,,integer,1,
P Interval,,integer,1,
P Interval,,integer,1,
P Interval,,integer,1,
P Interval,,integer,1,
H.264 Encoding Profile,,enum,2,"Constrained, Baseline, Main, High"
H.264 Encoding Profile,,enum,2,"Constrained, Baseline, Main, High"
H.264 Encoding Profile,,enum,2,"Constrained, Baseline, Main, High"
H.264 Encoding Profile,,enum,2,"Constrained, Baseline, Main, High"
H.264 Encoding Profile,,enum,2,"Constrained, Baseline, Main, High"
H.264 Encoding Profile,,enum,2,"Constrained, Baseline, Main, High"
H.264 Encoding Profile,,enum,2,"Constrained, Baseline, Main, High"
H.264 Encoding Profile,,enum,2,"Constrained, Baseline, Main, High"
H.264 Encoding Profile,,enum,2,"Constrained, Baseline, Main, High"
H.264 Encoding Profile,,enum,2,"Constrained, Baseline, Main, High"
H.264 Encoding Profile,,enum,2,"Constrained, Baseline, Main, High"
Slices Per Frame,,enum,1,"1, 2, 4, 8"
Slices Per Frame,,enum,1,"1, 2, 4, 8"
Slices Per Frame,,enum,1,"1, 2, 4, 8"
Slices Per Frame,,enum,1,"1, 2, 4, 8"
Slices Per Frame,,enum,1,"1, 2, 4, 8"
Slices Per Frame,,enum,1,"1, 2, 4, 8"
Slices Per Frame,,enum,1,"1, 2, 4, 8"
Slices Per Frame,,enum,1,"1, 2, 4, 8"
Slices Per Frame,,enum,1,"1, 2, 4, 8"
Slices Per Frame,,enum,1,"1, 2, 4, 8"
Slices Per Frame,,enum,1,"1, 2, 4, 8"
Entropy Coding,,enum,0,"CABAC, CAVLC"
Entropy Coding,,enum,0,"CABAC, CAVLC"
Entropy Coding,,enum,0,"CABAC, CAVLC"
Entropy Coding,,enum,0,"CABAC, CAVLC"
Entropy Coding,,enum,0,"CABAC, CAVLC"
Entropy Coding,,enum,0,"CABAC, CAVLC"
Entropy Coding,,enum,0,"CABAC, CAVLC"
Entropy Coding,,enum,0,"CABAC, CAVLC"
Entropy Coding,,enum,0,"CABAC, CAVLC"
Entropy Coding,,enum,0,"CABAC, CAVLC"
Entropy Coding,,enum,0,"CABAC, CAVLC"
Display Aspect Ratio,,enum,0,"Auto, 4:3, 16:9, 17:9"
Display Aspect Ratio,,enum,0,"Auto, 4:3, 16:9, 17:9"
Display Aspect Ratio,,enum,0,"Auto, 4:3, 16:9, 17:9"
Display Aspect Ratio,,enum,0,"Auto, 4:3, 16:9, 17:9"
Display Aspect Ratio,,enum,0,"Auto, 4:3, 16:9, 17:9"
Display Aspect Ratio,,enum,0,"Auto, 4:3, 16:9, 17:9"
Display Aspect Ratio,,enum,0,"Auto, 4:3, 16:9, 17:9"
Display Aspect Ratio,,enum,0,"Auto, 4:3, 16:9, 17:9"
Display Aspect Ratio,,enum,0,"Auto, 4:3, 16:9, 17:9"
Display Aspect Ratio,,enum,0,"Auto, 4:3, 16:9, 17:9"
Display Aspect Ratio,,enum,0,"Auto, 4:3, 16:9, 17:9"
Stream Type,,enum,3,"RTMP, RTSP, RTP / UDP-TS, HLS"
Stream Type,,enum,3,"RTMP, RTSP, RTP / UDP-TS, HLS"
Stream Type,,enum,3,"RTMP, RTSP, RTP / UDP-TS, HLS"
Stream Type,,enum,3,"RTMP, RTSP, RTP / UDP-TS, HLS"
Stream Type,,enum,3,"RTMP, RTSP, RTP / UDP-TS, HLS"
Stream Type,,enum,3,"RTMP, RTSP, RTP / UDP-TS, HLS"
Stream Type,,enum,3,"RTMP, RTSP, RTP / UDP-TS, HLS"
Stream Type,,enum,3,"RTMP, RTSP, RTP / UDP-TS, HLS"
Stream Type,,enum,3,"RTMP, RTSP, RTP / UDP-TS, HLS"
Stream Type,,enum,3,"RTMP, RTSP, RTP / UDP-TS, HLS"
Stream Type,,enum,3,"RTMP, RTSP, RTP / UDP-TS, HLS"
RTMP Server URL,,string,,
RTMP Server URL,,string,,
RTMP Server URL,,string,,
RTMP Server URL,,string,,
RTMP Server URL,,string,,
RTMP Server URL,,string,,
RTMP Server URL,,string,,
RTMP Server URL,,string,,
RTMP Server URL,,string,,
RTMP Server URL,,string,,
RTMP Server URL,,string,,
RTMP Stream Key/Name,,string,,
RTMP Stream Key/Name,,string,,
RTMP Stream Key/Name,,string,,
RTMP Stream Key/Name,,string,,
RTMP Stream Key/Name,,string,,
RTMP Stream Key/Name,,string,,
RTMP Stream Key/Name,,string,,
RTMP Stream Key/Name,,string,,
RTMP Stream Key/Name,,string,,
RTMP Stream Key/Name,,string,,
RTMP Stream Key/Name,,string,,
RTMP Username,,string,,
RTMP Username,,string,,
RTMP Username,,string,,
RTMP Username,,string,,
RTMP Username,,string,,
RTMP Username,,string,,
RTMP Username,,string,,
RTMP Username,,string,,
RTMP Username,,string,,
RTMP Username,,string,,
RTMP Username,,string,,
RTMP Password,,string,,
RTMP Password,,string,,
RTMP Password,,string,,
RTMP Password,,string,,
RTMP Password,,string,,
RTMP Password,,string,,
RTMP Password,,string,,
RTMP Password,,string,,
RTMP Password,,string,,
RTMP Password,,string,,
RTMP Password,,string,,
RTMP Handshake Mode,,enum,0,"Auto, Mode 1, Mode 2, Mode 3, Mode 4"
RTMP Handshake Mode,,enum,0,"Auto, Mode 1, Mode 2, Mode 3, Mode 4"
RTMP Handshake Mode,,enum,0,"Auto, Mode 1, Mode 2, Mode 3, Mode 4"
RTMP Handshake Mode,,enum,0,"Auto, Mode 1, Mode 2, Mode 3, Mode 4"
RTMP Handshake Mode,,enum,0,"Auto, Mode 1, Mode 2, Mode 3, Mode 4"
RTMP Handshake Mode,,enum,0,"Auto, Mode 1, Mode 2, Mode 3, Mode 4"
RTMP Handshake Mode,,enum,0,"Auto, Mode 1, Mode 2, Mode 3, Mode 4"
RTMP Handshake Mode,,enum,0,"Auto, Mode 1, Mode 2, Mode 3, Mode 4"
RTMP Handshake Mode,,enum,0,"Auto, Mode 1, Mode 2, Mode 3, Mode 4"
RTMP Handshake Mode,,enum,0,"Auto, Mode 1, Mode 2, Mode 3, Mode 4"
RTMP Handshake Mode,,enum,0,"Auto, Mode 1, Mode 2, Mode 3, Mode 4"
RTSP Stream Name,,string,Stream,
RTSP Stream Name,,string,Stream1,
RTSP Stream Name,,string,Stream2,
RTSP Stream Name,,string,Stream3,
RTSP Stream Name,,string,Stream4,
RTSP Stream Name,,string,Stream5,
RTSP Stream Name,,string,Stream6,
RTSP Stream Name,,string,Stream7,
RTSP Stream Name,,string,Stream8,
RTSP Stream Name,,string,Stream9,
RTSP Stream Name,,string,Stream10,
RTSP Port,,integer,554,
RTSP Port,,integer,554,
RTSP Port,,integer,554,
RTSP Port,,integer,554,
RTSP Port,,integer,554,
RTSP Port,,integer,554,
RTSP Port,,integer,554,
RTSP Port,,integer,554,
RTSP Port,,integer,554,
RTSP Port,,integer,554,
RTSP Port,,integer,554,
RTSP Authentication,,enum,0,"None, Basic, Digest"
RTSP Authentication,,enum,0,"None, Basic, Digest"
RTSP Authentication,,enum,0,"None, Basic, Digest"
RTSP Authentication,,enum,0,"None, Basic, Digest"
RTSP Authentication,,enum,0,"None, Basic, Digest"
RTSP Authentication,,enum,0,"None, Basic, Digest"
RTSP Authentication,,enum,0,"None, Basic, Digest"
RTSP Authentication,,enum,0,"None, Basic, Digest"
RTSP Authentication,,enum,0,"None, Basic, Digest"
RTSP Authentication,,enum,0,"None, Basic, Digest"
RTSP Authentication,,enum,0,"None, Basic, Digest"
RTSP Username,,string,,
RTSP Username,,string,,
RTSP Username,,string,,
RTSP Username,,string,,
RTSP Username,,string,,
RTSP Username,,string,,
RTSP Username,,string,,
RTSP Username,,string,,
RTSP Username,,string,,
RTSP Username,,string,,
RTSP Username,,string,,
RTSP Password,,string,,
RTSP Password,,string,,
RTSP Password,,string,,
RTSP Password,,string,,
RTSP Password,,string,,
RTSP Password,,string,,
RTSP Password,,string,,
RTSP Password,,string,,
RTSP Password,,string,,
RTSP Password,,string,,
RTSP Password,,string,,
RTP / UDP-TS Destination URL,,string,,
RTP / UDP-TS Destination URL,,string,,
RTP / UDP-TS Destination URL,,string,,
RTP / UDP-TS Destination URL,,string,,
RTP / UDP-TS Destination URL,,string,,
RTP / UDP-TS Destination URL,,string,,
RTP / UDP-TS Destination URL,,string,,
RTP / UDP-TS Destination URL,,string,,
RTP / UDP-TS Destination URL,,string,,
RTP / UDP-TS Destination URL,,string,,
RTP / UDP-TS Destination URL,,string,,
Dropped Frames Stream Behavior,,enum,0,"Continue, Stop"
Dropped Frames Stream Behavior,,enum,0,"Continue, Stop"
Dropped Frames Stream Behavior,,enum,0,"Continue, Stop"
Dropped Frames Stream Behavior,,enum,0,"Continue, Stop"
Dropped Frames Stream Behavior,,enum,0,"Continue, Stop"
Dropped Frames Stream Behavior,,enum,0,"Continue, Stop"
Dropped Frames Stream Behavior,,enum,0,"Continue, Stop"
Dropped Frames Stream Behavior,,enum,0,"Continue, Stop"
Dropped Frames Stream Behavior,,enum,0,"Continue, Stop"
Dropped Frames Stream Behavior,,enum,0,"Continue, Stop"
Dropped Frames Stream Behavior,,enum,0,"Continue, Stop"
Factory Reset,,enum,0,"UP (2 sec)=Recall, same as FAC, HARD FACTORY"
Board ID,,string,10597500,
Locale,,enum,0,"English, 日本語 - Japanese, 한국어 - Korean, 中文 - Chinese"
Identify LED,,enum,0,"Off, On"
Factory Reset LED State,,enum,0,"Uninitialized, Begin, Done"
Input Format,,enum,0,"No Input, Error, 1920x1080i 30, 1920x1080i 29.97, 1920x1080i 25, 1920x1080PsF 30, 1920x1080PsF 29.97, 1920x1080PsF 25, 1920x1080PsF 24, 1920x1080PsF 23.98, 1280x720p 60, 1280x720p 59.94, 1280x720p 50, 720x486i 29.97, 720x576i 25, 1920x1080p 60, 1920x1080p 59.94, 1920x1080p 50, 1920x1080p 30, 1920x1080p 29.97, 1920x1080p 25, 1920x1080p 24, 1920x1080p 23.98, 2048x1080i 30, 2048x1080i 29.97, 2048x1080i 25, 2048x1080PsF 30, 2048x1080PsF 29.97, 2048x1080PsF 25, 2048x1080PsF 24, 2048x1080PsF 23.98, 2048x1080p 60, 2048x1080p 59.94, 2048x1080p 50, 2048x1080p 30, 2048x1080p 29.97, 2048x1080p 25, 2048x1080p 24, 2048x1080p 23.98"
Closed Captioning,,enum,0,"Disabled, Not Detected, Detected"
HDMI Input Format,,enum,0,"No Input, Error, 1920x1080i 30, 1920x1080i 29.97, 1920x1080i 25, 1280x720p 60, 1280x720p 59.94, 1280x720p 50, 720x486i 29.97, 720x576i 25, 1920x1080p 60, 1920x1080p 59.94, 1920x1080p 50, 1920x1080p 30, 1920x1080p 29.97, 1920x1080p 25, 1920x1080p 24, 1920x1080p 23.98"
Media ready to record,,enum,0,"False, True"
Enable HDMI Monitor,,enum,1,"Off, On"
Secondary media ready to record,,enum,0,"False, True"
Panel Locked,,enum,0,"Off, On"
Clip to be deleted,,string,,
Storage Path,,string,,
Secondary Storage Path,,string,,
Storage Command,,enum,0,"None, Acquire, Release, Erase, AcquireSecondary, ReleaseSecondary"
Storage Alarm Status,,enum,0,"None, Invalid Media, Format Failed"
Storage File Size Bits,,integer,31,
Secondary storage File Size Bits,,integer,31,
Clip to be deleted on secondary recording destination,,string,,
Change Slot Request,,enum,0,"NotChange/Success, Next, Media Unformatted, Backup and Reformat, Media Low Capacity, Media Not Present, Please Reboot, Media In Use"
Current Media Mounted,,enum,0,"False, True"
Capacity Remaining,,integer,0,
Storage Volume Name,,string,,
Media Loading,,enum,0,"Operation Complete, Media Mounting, Unmounting Media"
Filesystem Type,,string,,
User-Friendly Recording Path,,string,,
Free Space Primary,,string,0,
Total Space Primary,,string,0,
Secondary Media Mounted,,enum,0,"False, True"
Capacity Remaining,,integer,0,
Storage Volume Name,,string,,
Secondary Change Slot Request,,enum,0,"NotChange/Success, Next, Media Unformatted, Backup and Reformat, Media Low Capacity, Media Not Present, Please Reboot, Media In Use"
Secondary Filesystem Type,,string,,
User-Friendly Secondary Recording Path,,string,,
Free Space Secondary,,string,0,
Total Space Secondary,,string,0,
Current Clip,,string,N/A,
Clip Time Offset,,integer,0,
Replicator Command,,enum,0,"No Command, Record Command, Stop Recording Command, Stream Command, Stop Streaming Command, Shutdown"
Replicator Subsystems State,,enum,0,"eSubsystemStateUninitialized, eSubsystemStateInitializing, eSubsystemStateInitialized, eSubsystemStateRunning, eSubsystemStatePowersave, eSubsystemStateShuttingDown, eSubsystemStateShutdown, eSubsystemStateFatalError"
Record Alarm,,enum,0,"Uninitialized, None, No Clip, File Open Failed, HW Failed, Audio Failed, File Exists"
System Time,,string,0,
Go To Clip,,string,,
Replicator Record State,,enum,0,"eRRSUninitialized, eRRSIdle, eRRSRecording, eRRSFailingInIdle, eRRSFailingInRecord, eRRSShutdown"
Replicator Stream State,,enum,0,"eRSSUninitialized, eRSSIdle, eRSSStreaming, eRSSFailingInIdle, eRSSFailingInStream, eRSSShutdown"
Primary Record State,,enum,0,"Initializing, Idle, Recording, Idle, Stopped, Shutting down"
Secondary Record State,,enum,0,"Initializing, Idle, Recording, Idle, Stopped, Shutting down"
Link Start and Stop,,enum,0,"Off, On"
Link Profiles,,enum,0,"Independent Codecs, Use Stream Codec For Record"
Media Manager State,,enum,0,"eSubsystemStateUninitialized, eSubsystemStateInitializing, eSubsystemStateInitialized, eSubsystemStateRunning, eSubsystemStatePowersave, eSubsystemStateShuttingDown, eSubsystemStateShutdown, eSubsystemStateFatalError"
Product ID,,string,HELO,
Network Services,,string,[],
Firmware Status,,enum,0,"eFirmwareStatusDefault, eFirmwareStatusProgramming, eFirmwareStatusRunning"
System Temperature,,integer,0,
Recording Template,,enum,2,"1080p High 20 Mbps, 1080p Low 5 Mbps, 720p High 10 Mbps, 720p Low 4 Mbps, 540p, 360p, 270p, NTSC, PAL, VGA"
Streaming Template,,enum,2,"1080p High 10Mbps, 1080p High 5Mbps, 720p High, 720p Mid, 720p Low, 540p, 360p, 270p, NTSC, PAL, VGA"
Copy Record Template,,enum,0,Copy
Copy Stream Template,,enum,0,Copy
Recording Profile Copy From,,enum,1,", , , , , , , , , "
Streaming Profile Copy From,,enum,1,", , , , , , , , , "
Clone Record Profile,,enum,0,Copy
Clone Stream Profile,,enum,0,Copy
Shutdown Message,,string,,
Shutdown Message II,,enum,0,", Shutdown: 2 seconds, Shutdown: 1 second, Shutting down now., Over Temp, Firmware Update: Rebooting"
System State,,enum,0,"eSystemStateUninitialized, eSystemStateInitializingConfig, eSystemStateInitializingFirmware, eSystemStateInitialized, eSystemStateRunning, eSystemStatePowersave, eSystemStateLowBattery, eSystemStateShutdownRequested, eSystemStateShuttingDown, eSystemStateShutdown, eSystemStateFatalError"
Beer Goggles,,enum,0,"No Beer..., Beer Thirty!"
UPnP Host,,enum,1,"Disable, Enable"
HTTPS Web Access,,enum,0,"Disable, Enable"
HTTPS Certificate Status,,string,No certificate present,
HTTPS Available,,enum,0,"No, Yes"
HW Error,,data,CAAQARoUCghIVyBFcnJvchIISFcgRXJyb3I=,
SW Error,,data,CAAQARoUCghTVyBFcnJvchIIU1cgRXJyb3I=,
Format Error,,data,CAAQARocCgxGb3JtYXQgRXJyb3ISDEZvcm1hdCBFcnJvcg==,
Storage Removed During Record: REBOOT REQUIRED,,data,CAAQARpBCi5TdG9yYWdlIFJlbW92ZWQgRHVyaW5nIFJlY29yZDogUkVCT09UIFJFUVVJUkVEEg9TdG9yYWdlIFJlbW92ZWQ=,
Invalid Selection,,data,CAAQARomChFJbnZhbGlkIFNlbGVjdGlvbhIRSW52YWxpZCBTZWxlY3Rpb24=,
Name In Use,,data,CAAQARoaCgtOYW1lIEluIFVzZRILTmFtZSBJbiBVc2U=,
Record Format,,data,CAAQARoeCg1SZWNvcmQgRm9ybWF0Eg1SZWNvcmQgRm9ybWF0,
Dropped Frames,,data,CAAQABogCg5Ecm9wcGVkIEZyYW1lcxIORHJvcHBlZCBGcmFtZXM=,
Near Over Temp,,data,CAAQABogCg5OZWFyIE92ZXIgVGVtcBIOTmVhciBPdmVyIFRlbXA=,
Input Error,,data,CAAQABoaCgtJbnB1dCBFcnJvchILSW5wdXQgRXJyb3I=,
Safe Boot Mode,,data,CAAQABogCg5TYWZlIEJvb3QgTW9kZRIOU2FmZSBCb290IE1vZGU=,
Media Low,,data,CAAQABoWCglNZWRpYSBMb3cSCU1lZGlhIExvdw==,
Media Full,,data,CAAQARoYCgpNZWRpYSBGdWxsEgpNZWRpYSBGdWxs,
A/V Mismatch,,data,CAAQARocCgxBL1YgTWlzbWF0Y2gSDEEvViBNaXNtYXRjaA==,
Input Format Changed,,data,CAAQABosChRJbnB1dCBGb3JtYXQgQ2hhbmdlZBIUSW5wdXQgRm9ybWF0IENoYW5nZWQ=,
No Video Input,,data,CAAQABogCg5ObyBWaWRlbyBJbnB1dBIOTm8gVmlkZW8gSW5wdXQ=,
Frame Skipped,,data,CAAQABoeCg1GcmFtZSBTa2lwcGVkEg1GcmFtZSBTa2lwcGVk,
Media Unformatted,,data,CAAQABomChFNZWRpYSBVbmZvcm1hdHRlZBIRTWVkaWEgVW5mb3JtYXR0ZWQ=,
Backup and Reformat,,data,CAAQARoqChNCYWNrdXAgYW5kIFJlZm9ybWF0EhNCYWNrdXAgYW5kIFJlZm9ybWF0,
2 Channel Format,,data,CAAQARpUCkkyLjEgQXVkaW8gSW5wdXQgYW5kCjIuMyBBdWRpbyBDaGFubmVscwpTZXR0aW5ncyBjb25mbGljdCB3aXRoIGVhY2ggb3RoZXIuEgcyQ2ggRm10,
No Clip Name,,data,CAAQABocCgxObyBDbGlwIE5hbWUSDE5vIENsaXAgTmFtZQ==,
Unsupported Media,,data,CAAQARomChFVbnN1cHBvcnRlZCBNZWRpYRIRVW5zdXBwb3J0ZWQgTWVkaWE=,
No Media In Selected Slot,,data,CAAQARooChJObyBNZWRpYSBJbnN0YWxsZWQSEk5vIE1lZGlhIEluc3RhbGxlZA==,
BitRate Adjusted,,data,CAAQARokChBCaXRSYXRlIEFkanVzdGVkEhBCaXRSYXRlIEFkanVzdGVk,
Change Encode Mode,,data,CAAQARooChJDaGFuZ2UgRW5jb2RlIE1vZGUSEkNoYW5nZSBFbmNvZGUgTW9kZQ==,
Safeboot,,data,CAAQARoUCghTYWZlYm9vdBIIU2FmZWJvb3Q=,
Dual Streams Inhibited,,data,CAAQABowChZEdWFsIFN0cmVhbXMgSW5oaWJpdGVkEhZEdWFsIFN0cmVhbXMgSW5oaWJpdGVk,
Remote Media Mount Failed,,data,CAAQARo2ChlSZW1vdGUgTWVkaWEgTW91bnQgRmFpbGVkEhlSZW1vdGUgTWVkaWEgTW91bnQgRmFpbGVk,
SD Card Write Protected,,data,CAAQARoyChdTRCBDYXJkIFdyaXRlIFByb3RlY3RlZBIXU0QgQ2FyZCBXcml0ZSBQcm90ZWN0ZWQ=,
Remote Media Name Lookup Failure,,data,CAAQARqCAQpfVW5hYmxlIHRvIHJlc29sdmUgbmFtZSBmb3IgcmVtb3RlIG1lZGlhIHJlY29yZCBkZXN0aW5hdGlvbi4gIElzIHlvdXIgRE5TIGNvbmZpZ3VyYXRpb24gY29ycmVjdD8SH1JlbW90ZSBtZWRpYSBETlMgbG9va3VwIGZhaWxlZC4=,
Streaming Failed,,data,CAAQARokChBTdHJlYW1pbmcgRmFpbGVkEhBTdHJlYW1pbmcgRmFpbGVk,
Recording Failed,,data,CAAQARokChBSZWNvcmRpbmcgRmFpbGVkEhBSZWNvcmRpbmcgRmFpbGVk,
Network Name Not Found,,data,CAAQARowChZOZXR3b3JrIE5hbWUgTm90IEZvdW5kEhZOZXR3b3JrIE5hbWUgTm90IEZvdW5k,
NTP Name Resolution Failure,,data,CAAQARo6ChtOVFAgTmFtZSBSZXNvbHV0aW9uIEZhaWx1cmUSG05UUCBOYW1lIFJlc29sdXRpb24gRmFpbHVyZQ==,
Remote Share Unwritable,,data,CAAQARq8AQqLAVVuYWJsZSB0byB3cml0ZSB0byByZW1vdGUgbWVkaWEuICBDaGVjayBzZXJ2ZXIgdG8gZW5zdXJlIHRoYXQgdGhlIHJlbW90ZSBzaGFyZSBpcyBzaGFyZWQgcmVhZC13cml0ZSwgaXMgbm90IHdyaXRlIHByb3RlY3RlZCwgYW5kIGlzIG9ubGluZS4SLE1lZGlhIFdyaXRlIFByb3RlY3RlZCwgUmVhZC1Pbmx5LCBvciBPZmZsaW5l,
No Audio Input,,data,CAAQABogCg5ObyBBdWRpbyBJbnB1dBIOTm8gQXVkaW8gSW5wdXQ=,
Scheduled Event Active,,data,CAAQABowChZTY2hlZHVsZWQgRXZlbnQgQWN0aXZlEhZTY2hlZHVsZWQgRXZlbnQgQWN0aXZl,
Scheduled Event Failed,,data,CAAQABowChZTY2hlZHVsZWQgRXZlbnQgRmFpbGVkEhZTY2hlZHVsZWQgRXZlbnQgRmFpbGVk,
Scheduled Event Canceled,,data,CAAQABo0ChhTY2hlZHVsZWQgRXZlbnQgQ2FuY2VsZWQSGFNjaGVkdWxlZCBFdmVudCBDYW5jZWxlZA==,
Scheduled Event Late,,data,CAAQABosChRTY2hlZHVsZWQgRXZlbnQgTGF0ZRIUU2NoZWR1bGVkIEV2ZW50IExhdGU=,
Scheduled Event Discarded,,data,CAAQABo2ChlTY2hlZHVsZWQgRXZlbnQgRGlzY2FyZGVkEhlTY2hlZHVsZWQgRXZlbnQgRGlzY2FyZGVk,
Scheduling Error,,data,CAAQABokChBTY2hlZHVsaW5nIEVycm9yEhBTY2hlZHVsaW5nIEVycm9y,
Calendar Sync Failed,,data,CAAQARo5CiNTeW5jIG9mIHJlbW90ZSBjYWxlbmRhciBmaWxlIGZhaWxlZBISUmVtb3RlIHN5bmMgZmFpbGVk,
Scheduler Takes Priority,,data,CAAQARq9AQqgAVBvd2VyIFVwIFN0YXRlIHJlcXVlc3RzIGFuIGFjdGl2aXR5IHdoaWNoIGlzIGFsc28gY29udHJvbGxlZCBieSB0aGUgc2NoZWR1bGVyLiBUaGUgc2NoZWR1bGVyIHRha2VzIHByaW9yaXR5OiB0aGUgY29ycmVzcG9uZGluZyBwb3dlciB1cCBhY3Rpdml0eSB3aWxsIG5vdCBvY2N1ci4SGFNjaGVkdWxlciBUYWtlcyBQcmlvcml0eQ==,
Primary Record Path Invalid,,data,CAAQARpcCjlUaGUgcHJpbWFyeSByZWNvcmRpbmcgcGF0aCBwb2ludHMgdG8gYW4gaW52YWxpZCBsb2NhdGlvbi4SH1ByaW1hcnkgcmVjb3JkaW5nIHBhdGggaW52YWxpZC4=,
Secondary Media Low,,data,CAAQABokChNTZWNvbmRhcnkgTWVkaWEgTG93Eg0ybmQgTWVkaWEgTG93,
Secondary Media Full,,data,CAAQARomChRTZWNvbmRhcnkgTWVkaWEgRnVsbBIOMm5kIE1lZGlhIEZ1bGw=,
Secondary Media Unformatted,,data,CAAQABo0ChtTZWNvbmRhcnkgTWVkaWEgVW5mb3JtYXR0ZWQSFTJuZCBNZWRpYSBVbmZvcm1hdHRlZA==,
Backup and Reformat Secondary Media,,data,CAAQARpECiNCYWNrdXAgYW5kIFJlZm9ybWF0IFNlY29uZGFyeSBNZWRpYRIdQmFja3VwIGFuZCBSZWZvcm1hdCAybmQgTWVkaWE=,
Unsupported Secondary Media,,data,CAAQARo0ChtVbnN1cHBvcnRlZCBTZWNvbmRhcnkgTWVkaWESFVVuc3VwcG9ydGVkIDJuZCBNZWRpYQ==,
No Media In Secondary Slot,,data,CAAQARo2ChxObyBTZWNvbmRhcnkgTWVkaWEgSW5zdGFsbGVkEhZObyAybmQgTWVkaWEgSW5zdGFsbGVk,
Secondary Remote Media Mount Failed,,data,CAAQARpECiNTZWNvbmRhcnkgUmVtb3RlIE1lZGlhIE1vdW50IEZhaWxlZBIdMm5kIFJlbW90ZSBNZWRpYSBNb3VudCBGYWlsZWQ=,
Secondary Remote Share Unwritable,,data,CAAQARrKAQqVAVVuYWJsZSB0byB3cml0ZSB0byBzZWNvbmRhcnkgcmVtb3RlIG1lZGlhLiAgQ2hlY2sgc2VydmVyIHRvIGVuc3VyZSB0aGF0IHRoZSByZW1vdGUgc2hhcmUgaXMgc2hhcmVkIHJlYWQtd3JpdGUsIGlzIG5vdCB3cml0ZSBwcm90ZWN0ZWQsIGFuZCBpcyBvbmxpbmUuEjAybmQgTWVkaWEgV3JpdGUgUHJvdGVjdGVkLCBSZWFkLU9ubHksIG9yIE9mZmxpbmU=,
SD Card Write Protected,,data,CAAQARosChdTRCBDYXJkIFdyaXRlIFByb3RlY3RlZBIRU0QgQ2FyZCBQcm90ZWN0ZWQ=,
Secondary Remote Media Name Lookup Failure,,data,CAAQARqWAQppVW5hYmxlIHRvIHJlc29sdmUgbmFtZSBmb3Igc2Vjb25kYXJ5IHJlbW90ZSBtZWRpYSByZWNvcmQgZGVzdGluYXRpb24uICBJcyB5b3VyIEROUyBjb25maWd1cmF0aW9uIGNvcnJlY3Q/EilTZWNvbmRhcnkgcmVtb3RlIG1lZGlhIEROUyBsb29rdXAgZmFpbGVkLg==,
Recording Path Alarm,,data,CAAQARpvCkhUaGUgcmVjb3JkaW5nIHBhdGggaXMgbm90IHNldCB1cCBjb3JyZWN0bHkgb3IgaGFzIGluY29ycmVjdCBwZXJtaXNzaW9ucy4SI1JlY29yZGluZyBwYXRoIG5vdCBzZXQgdXAgY29ycmVjdGx5,
Media Too Slow,,data,CAAQARp1ClVUaGUgcmVjb3JkaW5nIG1lZGlhIGlzIG5vdCB3cml0aW5nIGRhdGEgZmFzdCBlbm91Z2ggdG8ga2VlcCB1cCB3aXRoIHRoZSB2aWRlbyBzdHJlYW0uEhxSZWNvcmRpbmcgbWVkaWEgaXMgdG9vIHNsb3cu,
Network Too Slow,,data,CAAQARqJAQpxVGhlIG5ldHdvcmsgb3IgbWVkaWEgc2VydmVyIGlzIG5vdCBydW5uaW5nIGZhc3QgZW5vdWdoIHRvIGtlZXAgdXAgd2l0aCB0aGUgc2VsZWN0ZWQgYml0cmF0ZSBmb3IgdGhlIHZpZGVvIHN0cmVhbS4SFE5ldHdvcmsgaXMgdG9vIHNsb3cu,
Secondary Record Path Invalid,,data,CAAQARpgCjtUaGUgc2Vjb25kYXJ5IHJlY29yZGluZyBwYXRoIHBvaW50cyB0byBhbiBpbnZhbGlkIGxvY2F0aW9uLhIhU2Vjb25kYXJ5IHJlY29yZGluZyBwYXRoIGludmFsaWQu,
Primary Recording Destination Insecure,,data,CAAQABrJAgqaAlRoZSBwcmltYXJ5IHJlY29yZGluZyBkZXN0aW5hdGlvbiBpcyBjb25uZWN0ZWQgdG8gYSByZW1vdGUgZmlsZSBzaGFyZSB1c2luZyBTTUIgVmVyc2lvbiAxLjAsIHdoaWNoIGlzIGluc2VjdXJlIGFuZCBzaG91bGQgbm90IGJlIHVzZWQgYmVjYXVzZSBpdCBjYW4gZXhwb3NlIG5ldHdvcmsgdXNlcm5hbWVzIGFuZCBwYXNzd29yZHMgdG8gYXR0YWNrZXJzLiBTTUIgdmVyc2lvbiAyLjAgb3IgaGlnaGVyIHNob3VsZCBiZSB1c2VkIGluc3RlYWQgaW4gdGhlIFJlY29yZGluZyBQcm9maWxlcyBtZW51LhIqUHJpbWFyeSByZWNvcmRpbmcgZGVzdGluYXRpb24gaXMgaW5zZWN1cmUu,
Secondary Recording Destination Insecure,,data,CAAQABrNAgqcAlRoZSBzZWNvbmRhcnkgcmVjb3JkaW5nIGRlc3RpbmF0aW9uIGlzIGNvbm5lY3RlZCB0byBhIHJlbW90ZSBmaWxlIHNoYXJlIHVzaW5nIFNNQiBWZXJzaW9uIDEuMCwgd2hpY2ggaXMgaW5zZWN1cmUgYW5kIHNob3VsZCBub3QgYmUgdXNlZCBiZWNhdXNlIGl0IGNhbiBleHBvc2UgbmV0d29yayB1c2VybmFtZXMgYW5kIHBhc3N3b3JkcyB0byBhdHRhY2tlcnMuIFNNQiB2ZXJzaW9uIDIuMCBvciBoaWdoZXIgc2hvdWxkIGJlIHVzZWQgaW5zdGVhZCBpbiB0aGUgUmVjb3JkaW5nIFByb2ZpbGVzIG1lbnUuEixTZWNvbmRhcnkgcmVjb3JkaW5nIGRlc3RpbmF0aW9uIGlzIGluc2VjdXJlLg==,
Primary File System Incompatible,,data,CAAQABrbAQq2AVRoZSBwcmltYXJ5IHJlY29yZGluZyBkZXN0aW5hdGlvbiBGQVQgZmlsZXN5c3RlbSBpcyBub3QgY29tcGF0aWJsZSB3aXRoICdMb25nIFNpbmdsZSBTZWdtZW50JyBSZWNvcmQgRHVyYXRpb24gRXh0ZW50LiBSZWZvcm1hdCB0byBleEZBVCB0byBjb250aW51ZSwgb3IgY2hhbmdlIFJlY29yZCBEdXJhdGlvbiBFeHRlbnQuEiBQcmltYXJ5IEZpbGUgU3lzdGVtIEluY29tcGF0aWJsZQ==,
Secondary File System Incompatible,,data,CAAQABrfAQq4AVRoZSBzZWNvbmRhcnkgcmVjb3JkaW5nIGRlc3RpbmF0aW9uIEZBVCBmaWxlc3lzdGVtIGlzIG5vdCBjb21wYXRpYmxlIHdpdGggJ0xvbmcgU2luZ2xlIFNlZ21lbnQnIFJlY29yZCBEdXJhdGlvbiBFeHRlbnQuIFJlZm9ybWF0IHRvIGV4RkFUIHRvIGNvbnRpbnVlLCBvciBjaGFuZ2UgUmVjb3JkIER1cmF0aW9uIEV4dGVudC4SIlNlY29uZGFyeSBGaWxlIFN5c3RlbSBJbmNvbXBhdGlibGU=,
Recall Preset,,integer,1,
Recall Result,,enum,0,", Recalling..., Complete, Preset Empty, Recall Failed"
Store Preset,,integer,1,
Store Result,,enum,0,", Storing..., Complete, Preset Empty, Store Failed"
Load Preset,,integer,0,
Load Result,,enum,0,", Exporting..., Export Complete, Preset Empty, Export Failed"
Store Preset,,integer,0,
Store Result,,enum,0,", Importing..., Import Complete, Preset Empty, Import Failed"
Export Result,,enum,0,", Exporting..., Export Complete, Preset Empty, Export Failed"
Import Result,,enum,0,", Importing..., Import Complete, Preset Empty, Import Failed"
Erase Preset,,integer,1,
Erase Result,,enum,0,", Erasing..., Complete, Preset Empty, Erase Failed"
Preset #1,,string,Preset 1,
Preset #2,,string,Preset 2,
Preset #3,,string,Preset 3,
Preset #4,,string,Preset 4,
Preset #5,,string,Preset 5,
Preset #6,,string,Preset 6,
Preset #7,,string,Preset 7,
Preset #8,,string,Preset 8,
Preset #9,,string,Preset 9,
Preset #10,,string,Preset 10,
Preset #11,,string,Preset 11,
Preset #12,,string,Preset 12,
Preset #13,,string,Preset 13,
Preset #14,,string,Preset 14,
Preset #15,,string,Preset 15,
Preset #16,,string,Preset 16,
Preset #17,,string,Preset 17,
Preset #18,,string,Preset 18,
Preset #19,,string,Preset 19,
Preset #20,,string,Preset 20,
Media Updated,,integer,0,
Installed,,string,Unknown Version,
Most recently updated SW Version,,string,Unknown Version,
Safeboot SW Version,,string,Unknown Version,
Bootloader Version,,string,Unknown Version,
Firmware Update State,,enum,0,"Update Idle, Update Uploading, Update Uploaded, Update Verifying, Update Verified, Update Committing, Update Committed, Update Rebooting, Update Aborted"
Uploaded Image Version,,string,Unknown Version,
Uploaded Image Verification,,enum,1,"Image Valid, Nothing Uploaded Yet, Wrong product, Image Incomplete, Image Too Big, Image Checksum Mismatch, Image Digital Signature Failure"
Uploaded Image Commit Trigger,,integer,0,
State of Firmware Commit,,enum,0,"Idle, In Progress, Failed, Complete"
Commit Status Percentage,,integer,0,
System Reboot Trigger,,enum,1,"Most Recent, Safeboot"
Update firmware from file,,string,,
Upload area access request,,integer,0,
Path to directory store uploaded files into,,string,,
IP Address Type,,enum,1,"DHCP, Static Addr"
IP Address,,string,192.168.0.2,
Subnet Mask,,string,255.255.255.0,
Default Gateway,,string,192.168.0.1,
Default Gateway,,string,192.168.0.1,
IP Address,,string,,
Subnet Mask,,string,,
MAC Address,,string,00:0C:17:3A:26:D0,
IP Address Offered,,string,,
DHCP Commit,,integer,0,
DHCP State,,string,None,
Network Connected,,enum,0,"No, Yes"
DNS Search,,string,,
DNS Search Path,,string,,
Primary DNS Server,,string,,
Primary DNS Server,,string,,
Secondary DNS Server,,string,,
Secondary DNS Server,,string,,
Link State,,string,,
Network Link Error Count,,integer,0,
Ethernet Interface Setup State,,enum,0,"Uninitialized, Preparing, Complete"
